{
    "total_time_saved": 370.50000000000125,
    "total_cost_saved": 0.633399999999999,
    "total_carbon_saved": 0.21178099999999977,
    "last_session": {
        "model_name": "claude-haiku-4-5",
        "cost_saved": 0.0003,
        "time_saved": 2.3,
        "carbon_footprint": 0.000119
    }
}